customer_id,first_name,last_name,email,phone,address,city,state,zip,active,create_date
1,SCOTT,WILSON,scott.wilson@gmail.com,"(342) 954-2679","9035 Oak Ave",Richardson,TX,75032,1,2020-04-08
2,DONALD,NELSON,donald72@yahoo.com,"(425) 659-5557","206 Forest Ln",Plano,TX,75348,1,2021-04-25
3,MARIE,MILLER,marie49@gmail.com,"(818) 470-1711","7627 Lake Dr",Garland,TX,75080,1,2024-06-19
4,Deborah,CAMPBELL,deborah.campbell@gmail.com,"(438) 303-7227","4654 Park Ave",Frisco,TX,75379,1,2021-11-09
5,DENNIS,TURNER,dturner@protonmail.com,"(450) 367-8573","6316 Pine Rd",Carrollton,TX,75701,1,2020-04-27
6,ELIZABETH,CLARK,eclark@yahoo.com,"(935) 522-4483","8279 Washington Blvd",Mesquite,TX,75271,1,2021-12-18
7,EDWARD,THOMPSON,edward55@protonmail.com,"(424) 341-9348","8185 Oak Ave",Dallas,TX,75156,1,2023-10-03
8,DIANE,WALKER,dwalker@hotmail.com,"(211) 896-2876","8897 Forest Ln",Arlington,TX,75114,1,2023-03-15
9,MARY,PARKER,mary.parker@hotmail.com,"(840) 505-9317","3358 Maple Dr",Frisco,TX,75552,1,2024-06-16
10,LINDA,WILSON,linda.wilson@hotmail.com,"(780) 280-2403","8062 Sunset Blvd",Garland,TX,75131,0,2024-03-09
11,STEVEN,NELSON,snelson@yahoo.com,"(519) 608-7118","7277 Highland Ave",Carrollton,TX,75123,1,2021-02-11
12,LINDA,GONZALEZ,linda.gonzalez@protonmail.com,"(272) 924-1964","3850 Oak Ave",Dallas,TX,75072,1,2022-11-16
13,CYNTHIA,GREEN,NULL,"(448) 684-7669","3219 Oak Ave",Garland,TX,75362,0,2023-08-28
14,MARIA,TURNER,maria.turner@gmail.com,"(454) 396-4116","8886 Park Ave",Plano,TX,75187,1,2023-04-28
15,DOROTHY,HERNANDEZ,dorothy.hernandez@protonmail.com,"(295) 971-4872","2824 Washington Blvd",Mesquite,TX,75218,0,2020-03-13
16,MARY,WALKER,mwalker@outlook.com,"(948) 769-8973","2636 Cedar Ln",Arlington,TX,75991,1,2024-12-18
17,SUSAN,EVANS,susan8@gmail.com,"(714) 743-3579","1031 Lake Dr",Garland,TX,75070,1,2021-07-04
18,KEVIN,MARTIN,kevin.martin@protonmail.com,"(629) 873-9565","5283 Highland Ave",Arlington,TX,75685,1,2021-05-13
19,DONNA,ROBERTS,donna.roberts@hotmail.com,"(669) 836-2638","1300 Lake Dr",Irving,TX,75135,1,2020-04-12
20,NULL,ANDERSON,panderson@protonmail.com,"(741) 208-5905","1797 Highland Ave",Plano,TX,75118,1,2024-03-09
21,NULL,NELSON,pnelson@yahoo.com,"(849) 470-9280","8104 Pine Rd",Dallas,TX,75649,0,2022-01-01
22,CHRISTINE,COLLINS,ccollins@yahoo.com,"(652) 764-8007","9289 Main St",Garland,TX,75967,1,2024-01-27
23,ANN,GONZALEZ,ann.gonzalez@protonmail.com,"(515) 573-1653","5962 Cedar Ln",Irving,TX,75362,0,2024-12-05
24,BRENDA,ANDERSON,banderson@yahoo.com,"(540) 621-5065","4471 Maple Dr",Garland,TX,75893,1,2023-04-07
25,JOSEPH,LEWIS,jlewis@gmail.com,"(397) 608-6378","4664 Sunset Blvd",Garland,TX,75359,0,2024-06-01
26,HELEN,THOMPSON,helen.thompson@yahoo.com,"(810) 644-6663","5239 Washington Blvd",Richardson,TX,75394,1,2022-01-23
27,David,SMITH,david69@yahoo.com,"(271) 880-6409","5243 Hill St",Garland,TX,75519,1,2023-06-13
28,DENNIS,MARTINEZ,dmartinez@outlook.com,NULL,"9424 Pine Rd",McKinney,TX,75311,1,2021-07-26
29,MATTHEW,NELSON,mnelson@outlook.com,"(418) 723-8752","2880 Hill St",Garland,TX,75527,1,2020-04-22
30,AMANDA,HARRIS,amanda.harris@yahoo.com,"(686) 825-2193","7561 Washington Blvd",Richardson,TX,75735,0,2023-07-08
31,RUTH,PEREZ,ruth.perez@gmail.com,"(380) 912-9486","7711 Main St",Carrollton,TX,75939,1,2023-03-26
32,THOMAS,ROBERTS,thomas72@protonmail.com,"(827) 936-9270","7091 Sunset Blvd",Carrollton,TX,75918,1,2023-08-09
33,AMY,MITCHELL,amitchell@outlook.com,"(444) 481-8206","1369 Valley Way",Arlington,TX,75278,1,2022-09-03
34,Carol,TAYLOR,carol.taylor@yahoo.com,"(624) 617-6421","8990 Park Ave",McKinney,TX,75211,0,2023-10-23
35,LINDA,EDWARDS,linda49@outlook.com,"(505) 971-7389","6965 Lake Dr",Carrollton,TX,75499,1,2022-07-16
36,Barbara,WALKER,barbara86@outlook.com,"(330) 837-9751","541 Highland Ave",McKinney,TX,75085,0,2021-08-06
37,MARIA,THOMPSON,maria42@yahoo.com,"(545) 979-7211","4658 Forest Ln",McKinney,TX,75854,1,2023-01-24
38,BRIAN,JONES,brian.jones@hotmail.com,"(453) 404-1333","2596 Cedar Ln",Plano,TX,75685,1,2024-04-15
39,DENNIS,THOMPSON,dthompson@protonmail.com,"(935) 317-3683","5196 Oak Ave",Richardson,TX,75951,1,2024-11-13
40,JAMES,CAMPBELL,james.campbell@yahoo.com,"(913) 991-5941","9937 Forest Ln",Garland,TX,75355,0,2022-02-17
41,ERIC,RODRIGUEZ,eric54@outlook.com,"(570) 850-8532","2606 Washington Blvd",Plano,TX,TX750,0,2023-07-27
42,GARY,GARCIA,gary32@gmail.com,"(449) 968-8613","9436 River Rd",McKinney,TX,75029,0,2022-03-16
43,CYNTHIA,LEWIS,clewis@protonmail.com,"(482) 769-1166","8564 Cedar Ln",Garland,TX,75737,0,2023-09-25
44,BRENDA,PHILLIPS,brenda.phillips@outlook.com,"(295) 501-4630","6725 Valley Way",Irving,TX,75679,1,2023-09-17
45,JANET,YOUNG,janet43@hotmail.com,"(513) 457-4777","2076 Valley Way",Irving,TX,75122,1,2021-04-24
46,DANIEL,GARCIA,daniel98@protonmail.com,"(302) 398-5853","3827 Elm St",Plano,TX,75014,1,2022-01-02
47,RONALD,MARTINEZ,"spaces in@email.com","(787) 491-8690","7943 Park Ave",Frisco,TX,75988,1,2022-08-04
48,MARGARET,HALL,margaret.hall@outlook.com,"(352) 776-5978","1495 Cedar Ln",Garland,TX,75620,1,2024-07-15
49,RICHARD,ROBINSON,rrobinson@protonmail.com,"(261) 824-2625","3504 Hill St",Irving,TX,75676,1,2021-04-06
50,RONALD,BROWN,rbrown@outlook.com,"(808) 681-5771","634 Cedar Ln",Arlington,TX,75719,0,2020-11-08
51,REBECCA,MITCHELL,rebecca.mitchell@protonmail.com,"(757) 430-3441","4452 Sunset Blvd",Plano,TX,75061,1,2022-10-24
52,KEVIN,MARTINEZ,kmartinez@hotmail.com,"(612) 478-9199","8947 Park Ave",Mesquite,TX,75612,1,2023-12-11
53,JOSE,THOMPSON,jthompson@protonmail.com,"(221) 983-5415","9541 Main St",Plano,TX,75531,0,2022-03-19
54,DAVID,MITCHELL,david12@outlook.com,"(541) 528-2713","2734 Elm St",McKinney,TX,75295,0,2024-01-15
55,NANCY,CLARK,nclark@outlook.com,"(201) 873-9889","7669 Washington Blvd",Dallas,TX,75530,1,2024-08-21
56,RICHARD,EDWARDS,richard.edwards@gmail.com,"(494) 648-8941","2089 Main St",Richardson,TX,75726,1,2022-09-01
57,RONALD,ALLEN,ronald.allen@gmail.com,"(863) 357-9165","4881 Lake Dr",Arlington,TX,75854,0,2023-04-15
58,RONALD,TAYLOR,rtaylor@protonmail.com,"(339) 271-5526","6898 Elm St",Carrollton,TX,75840,1,2022-12-10
59,GARY,GONZALEZ,gary20@outlook.com,"(553) 540-9903","6280 Park Ave",Frisco,TX,75714,1,2024-07-08
60,ROBERT,WILLIAMS,robert96@outlook.com,"(879) 867-3492","8215 Main St",Plano,TX,75890,1,2023-02-17
61,JOSEPH,SMITH,joseph53@yahoo.com,"(471) 546-7512","1415 Sunset Blvd",Frisco,TX,75977,1,2023-09-02
62,JEFFREY,BROWN,jbrown@yahoo.com,"(292) 644-2612","1746 Park Ave",Plano,TX,75925,1,2020-06-26
63,SUSAN,MARTINEZ,susan.martinez@hotmail.com,"(743) 621-3950","2885 Maple Dr",Garland,TX,75634,1,2023-10-05
64,MELISSA,KING,melissa59@hotmail.com,"(494) 893-9955","2688 Oak Ave",Mesquite,TX,75601,1,2023-12-09
65,JOSEPH,ROBINSON,@nodomain.com,"(590) 785-6881","9517 Pine Rd",Arlington,TX,75849,0,2022-01-19
66,JOSHUA,COLLINS,joshua.collins@gmail.com,"(821) 560-4588","3215 River Rd",Arlington,TX,75643,1,2020-05-26
67,RICHARD,WILLIAMS,richard47@yahoo.com,"(534) 965-7807","2977 Cedar Ln",Plano,TX,75543,1,2021-05-27
68,DANIEL,MARTINEZ,daniel.martinez@hotmail.com,"(972) 431-7511","9231 Elm St",Garland,TX,75014,1,2024-02-15
69,NULL,TURNER,ann.turner@hotmail.com,"(891) 439-8724","510 River Rd",Carrollton,TX,75937,1,2020-11-27
70,THOMAS,PHILLIPS,thomas.phillips@hotmail.com,"(246) 238-5986","8171 Oak Ave",Garland,TX,75908,1,2023-08-12
71,RAYMOND,EVANS,raymond54@protonmail.com,"(870) 301-9017","6786 Pine Rd",Dallas,TX,75222,0,2023-04-28
72,FRANCES,MILLER,frances70@hotmail.com,"(482) 394-3001","7550 Oak Ave",Irving,TX,75051,1,2021-03-26
73,Kevin,WHITE,kwhite@yahoo.com,"(421) 438-6383","2517 Forest Ln",Richardson,TX,75283,1,2021-09-09
74,SARAH,WILSON,sarah.wilson@gmail.com,"(802) 531-1258","2954 Pine Rd",Dallas,TX,75759,0,2024-02-24
75,MARGARET,WRIGHT,margaret.wright@outlook.com,"(662) 715-4629","810 Valley Way",Carrollton,TX,75469,1,2020-08-28
76,JOHN,YOUNG,john.young@gmail.com,"(529) 822-3430","1176 Maple Dr",Arlington,TX,75390,1,2023-09-20
77,DAVID,MILLER,david84@protonmail.com,"(662) 433-7779","5653 Sunset Blvd",Mesquite,TX,75425,1,2022-07-11
78,RAYMOND,THOMPSON,raymond.thompson@hotmail.com,"(287) 295-8075","1682 Valley Way",Frisco,TX,75569,1,2024-09-18
79,CHRISTINE,ROBERTS,croberts@outlook.com,"(252) 494-6119","5861 Oak Ave",Richardson,TX,75158,0,2021-02-12
80,ANTHONY,LEE,anthony.lee@gmail.com,"(639) 774-1430","4481 Main St",Plano,TX,75719,1,2022-06-01
81,KIMBERLY,TAYLOR,kimberly.taylor@protonmail.com,"(958) 848-1502","1603 Valley Way",Carrollton,TX,75385,0,2023-06-06
82,ANN,ROBINSON,ann.robinson@hotmail.com,"(359) 361-1815","1436 Pine Rd",Mesquite,TX,75497,0,2023-05-07
83,GEORGE,WILSON,gwilson@hotmail.com,"(894) 807-8972","8733 Hill St",Arlington,TX,75225,0,2024-01-01
84,SHIRLEY,ROBINSON,shirley99@yahoo.com,"(535) 322-1126","8249 Valley Way",McKinney,TX,75132,0,2024-12-08
85,DONALD,ADAMS,donald10@outlook.com,"(219) 670-2275","5229 River Rd",McKinney,TX,75726,0,2028-08-03
86,LINDA,CLARK,linda.clark@yahoo.com,"(647) 308-4986","7238 River Rd",McKinney,TX,75405,1,2022-04-11
87,LAURA,BROWN,lbrown@protonmail.com,"(398) 994-6724","5852 Valley Way",Plano,TX,75105,1,2022-04-06
88,JOSE,TAYLOR,jtaylor@outlook.com,"(978) 793-8354","9348 Hill St",Richardson,TX,75884,1,2021-08-03
89,CHRISTOPHER,HERNANDEZ,double@@gmail.com,"(719) 275-6085","7665 Park Ave",Dallas,TX,75377,1,2020-11-28
90,NANCY,CARTER,ncarter@outlook.com,"(767) 956-1672","7468 Highland Ave",Richardson,TX,75329,0,2024-03-02
91,CHARLES,MILLER,cmiller@protonmail.com,"(376) 240-5059","7272 Park Ave",Carrollton,TX,75372,1,2022-07-14
92,MARIE,TURNER,marie7@hotmail.com,"(296) 771-7333","4755 Pine Rd",Richardson,TX,75341,1,2024-11-05
93,JANET,ROBINSON,janet17@protonmail.com,"(772) 585-6381","2193 Hill St",Carrollton,TX,75661,0,2024-06-01
94,FRANCES,ROBINSON,frances.robinson@yahoo.com,"(431) 340-3538","1364 Pine Rd",Garland,TX,75677,1,2024-03-20
95,JOYCE,TAYLOR,jtaylor@yahoo.com,"(648) 244-7731","6068 Hill St",Irving,TX,75625,1,2023-04-18
96,BRENDA,ROBINSON,brenda25@hotmail.com,"(672) 987-5616","6356 Lake Dr",Carrollton,TX,75989,1,2021-10-05
97,ANNA,JONES,ajones@gmail.com,"(728) 327-5670","1474 Forest Ln",Plano,TX,75460,1,2023-02-08
98,CHARLES,LEWIS,clewis@outlook.com,"(582) 441-7326","1437 Elm St",Irving,TX,75326,1,2022-03-05
99,Elizabeth,MARTINEZ,elizabeth90@yahoo.com,"(830) 205-2298","411 Pine Rd",Irving,TX,75561,0,2020-05-08
100,DEBRA,WILSON,debra31@outlook.com,"(264) 313-9189","9876 Lake Dr",Dallas,TX,75735,1,2022-07-01
101,LARRY,LEWIS,llewis@yahoo.com,"(884) 287-9576","6008 Oak Ave",Carrollton,TX,75399,0,2020-11-13
102,ANN,THOMPSON,ann.thompson@gmail.com,"(950) 872-2698","9633 Valley Way",Frisco,TX,75045,1,2024-06-27
103,ERIC,THOMAS,eric.thomas@outlook.com,"(264) 933-8498","705 Pine Rd",Irving,TX,75810,1,2020-06-10
104,GEORGE,HALL,ghall@gmail.com,"(395) 492-6848","883 Sunset Blvd",Frisco,TX,75127,1,2023-07-24
105,RICHARD,WALKER,missing@,"(731) 473-2353","7055 Oak Ave",McKinney,TX,00000,1,2022-02-03
106,CAROLYN,ROBERTS,croberts@protonmail.com,NULL,"5859 Park Ave",Dallas,TX,75629,0,2022-11-26
107,SUSAN,BROWN,susan.brown@outlook.com,"(346) 822-8179","670 Maple Dr",Garland,TX,75797,1,2022-07-19
108,ELIZABETH,NELSON,elizabeth87@outlook.com,"(654) 981-2259","9503 Maple Dr",Carrollton,TX,75407,1,2022-04-04
109,BARBARA,EVANS,bevans@outlook.com,"(320) 468-5264","7411 Cedar Ln",Richardson,TX,75710,0,2021-02-05
110,DOROTHY,HERNANDEZ,dhernandez@gmail.com,"(527) 883-6692","1163 Lake Dr",Carrollton,TX,75912,1,2021-12-23
111,DENNIS,MITCHELL,dennis.mitchell@yahoo.com,"(405) 342-4878","8194 Main St",Frisco,TX,75478,1,2024-02-03
112,AMANDA,HALL,ahall@outlook.com,"(275) 328-6194","1315 Park Ave",Mesquite,TX,75131,1,2021-07-17
113,SUSAN,WILSON,susan.wilson@protonmail.com,"(530) 926-4694","5769 Lake Dr",Arlington,TX,75256,1,2024-05-05
114,FRANK,ROBINSON,frobinson@protonmail.com,NULL,"2904 Hill St",Richardson,TX,75862,1,2020-02-02
115,ERIC,COLLINS,eric34@yahoo.com,"(832) 854-1496","8259 Highland Ave",Carrollton,TX,75657,1,2023-04-26
116,JOSHUA,HALL,joshua.hall@hotmail.com,"(650) 625-8933","7709 Cedar Ln",Frisco,TX,75320,1,2022-07-05
117,ANN,HILL,ann14@hotmail.com,"(325) 473-8366","4161 Maple Dr",Garland,TX,75297,0,2024-07-08
118,MICHELLE,CLARK,NULL,"(710) 727-8648","8271 Highland Ave",Arlington,TX,75023,1,2023-09-15
119,BRENDA,WHITE,brenda46@gmail.com,"(706) 811-8710","4781 Lake Dr",Dallas,TX,75441,1,2022-12-12
120,JOHN,LEE,jlee@protonmail.com,"(399) 571-5728","1304 Washington Blvd",Carrollton,TX,75782,1,2024-11-20
121,SANDRA,MOORE,smoore@hotmail.com,"(574) 973-3363","3361 River Rd",Carrollton,TX,999999,1,2020-01-05
122,NULL,WRIGHT,cwright@protonmail.com,"(343) 535-6218","2762 Washington Blvd",Richardson,TX,75607,1,2024-09-18
123,PAUL,CAMPBELL,paul39@outlook.com,"(539) 889-2795","6924 River Rd",Arlington,TX,75611,0,2022-11-26
124,MATTHEW,BAKER,matthew93@gmail.com,"(374) 736-7229","2521 Sunset Blvd",Irving,TX,75586,1,2021-01-15
125,STEPHANIE,ALLEN,sallen@outlook.com,NULL,"1120 Valley Way",Plano,TX,75574,1,2023-09-13
126,STEPHANIE,THOMAS,stephanie69@hotmail.com,"(892) 990-5331","8032 Cedar Ln",Irving,TX,75571,1,2021-05-25
127,PAMELA,CAMPBELL,pamela89@outlook.com,"(557) 773-5480","4815 Oak Ave",Richardson,TX,75917,0,2022-03-10
128,JENNIFER,MARTINEZ,jmartinez@hotmail.com,NULL,"8924 Pine Rd",Carrollton,TX,75140,1,2024-12-19
129,BRENDA,MARTIN,bmartin@yahoo.com,"(438) 253-2641","6871 Elm St",Mesquite,TX,75697,1,2020-09-06
130,ROBERT,PEREZ,robert62@yahoo.com,"(492) 861-1969","1565 Hill St",Richardson,TX,75547,1,2021-07-27
131,SARAH,WILLIAMS,sarah.williams@outlook.com,"(209) 505-2758","5589 Pine Rd",Mesquite,TX,75910,1,2024-08-09
132,DEBORAH,WILSON,dwilson@hotmail.com,"(390) 214-6523","4933 River Rd",Irving,TX,75625,0,2023-09-11
133,NANCY,HALL,nancy24@yahoo.com,"(454) 206-5272","6384 Cedar Ln",Mesquite,TX,75976,1,2022-10-24
134,JASON,SMITH,jason.smith@hotmail.com,"(883) 321-8625","5126 Maple Dr",McKinney,TX,75706,1,2022-06-20
135,ANGELA,HARRIS,aharris@outlook.com,"(820) 582-7813","9098 Highland Ave",Mesquite,TX,75780,1,2024-02-17
136,CHARLES,SCOTT,charles.scott@hotmail.com,"(760) 717-4312","9483 Lake Dr",Plano,TX,75335,0,2020-11-07
137,MATTHEW,LOPEZ,matthew66@outlook.com,"(335) 725-7806","7584 River Rd",Dallas,TX,75688,1,2020-07-09
138,MARY,EVANS,mary75@gmail.com,"(552) 917-2044","8966 Main St",Garland,TX,75032,1,2023-03-25
139,CAROL,COLLINS,carol48@outlook.com,"(584) 282-9835","2278 Hill St",Frisco,TX,75182,0,2024-03-24
140,ANGELA,SMITH,angela39@outlook.com,"(744) 588-4762","4155 Park Ave",Frisco,TX,75282,1,2020-01-26
141,ANDREW,ALLEN,andrew.allen@protonmail.com,"(268) 303-1550","7414 River Rd",Dallas,TX,75758,1,2023-08-08
142,BRIAN,WHITE,brian.white@gmail.com,"(949) 789-6224","9561 River Rd",Frisco,TX,75309,1,2024-04-14
143,NULL,GARCIA,dgarcia@yahoo.com,"(895) 637-9120","868 Elm St",McKinney,TX,75713,0,2023-03-10
144,JOYCE,THOMAS,joyce61@yahoo.com,"(924) 347-8586","1044 Lake Dr",McKinney,TX,75570,1,2023-04-09
145,SHIRLEY,RODRIGUEZ,srodriguez@gmail.com,"(941) 395-1844","4498 Washington Blvd",Richardson,TX,75894,1,2021-10-24
146,RAYMOND,ADAMS,raymond62@yahoo.com,"(215) 416-4113","2022 Valley Way",Mesquite,TX,75712,1,2023-04-18
147,CAROLYN,COLLINS,ccollins@protonmail.com,"(567) 515-5285","5992 Lake Dr",Mesquite,TX,75100,0,2022-04-12
148,STEPHANIE,ALLEN,NULL,"(467) 766-7841","4936 Maple Dr",Irving,TX,75235,0,2024-04-16
149,RONALD,PEREZ,ronald33@outlook.com,"(372) 950-6770","2873 Maple Dr",Carrollton,TX,75188,1,2024-01-27
150,DOROTHY,ROBERTS,dorothy.roberts@gmail.com,"(845) 436-2113","2574 Main St",Irving,TX,75382,1,2024-11-22
151,LARRY,WRIGHT,lwright@protonmail.com,"(621) 212-1274","8773 Valley Way",Arlington,TX,75017,0,2021-02-04
152,STEVEN,TAYLOR,steven25@protonmail.com,"(562) 473-7502","1394 Elm St",McKinney,TX,75578,1,2021-05-22
153,LISA,PEREZ,lisa12@outlook.com,"(765) 687-1919","254 Valley Way",Plano,TX,75511,0,2022-10-28
154,KAREN,SCOTT,karen30@yahoo.com,"(477) 247-2218","4693 Highland Ave",Carrollton,TX,75183,1,2020-04-19
155,RUTH,EDWARDS,redwards@yahoo.com,"(446) 780-7375","8956 Elm St",McKinney,TX,75809,1,2024-12-12
156,MARIA,MILLER,mmiller@hotmail.com,"(987) 828-7499","5447 Main St",Arlington,TX,75502,1,2022-09-13
157,DAVID,THOMAS,dthomas@gmail.com,"(502) 452-2204","1444 Pine Rd",Plano,TX,75728,1,2023-06-12
158,BETTY,DAVIS,betty40@outlook.com,"(304) 335-2430","3170 Washington Blvd",Mesquite,TX,75105,1,2020-06-18
159,NANCY,NELSON,nancy42@outlook.com,"(623) 597-2387","9267 Highland Ave",Irving,TX,75701,0,2021-03-09
160,DEBRA,GARCIA,debra19@gmail.com,"(482) 631-5911","8033 Forest Ln",Garland,TX,75257,1,2029-11-07
161,JESSICA,KING,jessica18@hotmail.com,"(540) 835-7224","5499 Park Ave",Frisco,TX,75835,1,2022-06-20
162,JERRY,JACKSON,jerry41@yahoo.com,"(498) 952-9044","9535 Forest Ln",Irving,TX,75385,1,2023-06-04
163,NULL,JACKSON,kevin.jackson@protonmail.com,"(944) 672-4434","7283 Forest Ln",Arlington,TX,75838,0,2023-03-21
164,DEBRA,MARTIN,debra85@yahoo.com,"(275) 659-8851","9639 Washington Blvd",Carrollton,TX,75556,1,2022-12-26
165,EDWARD,NELSON,edward.nelson@gmail.com,"(862) 827-1725","9327 Hill St",McKinney,TX,75988,0,2020-01-04
166,REBECCA,HARRIS,rharris@protonmail.com,"(904) 789-4621","7403 Elm St",McKinney,TX,75790,1,2022-01-16
167,BETTY,MARTINEZ,betty11@gmail.com,"(519) 551-8460","3489 Lake Dr",Mesquite,TX,75487,1,2023-12-23
168,CHARLES,CLARK,charles.clark@gmail.com,"(551) 863-2791","2792 Highland Ave",Irving,TX,75565,1,2022-09-14
169,NULL,HARRIS,tharris@yahoo.com,"(873) 642-7481","578 Valley Way",Richardson,TX,75460,0,2023-01-23
170,CYNTHIA,WHITE,NULL,"(749) 391-6993","5440 Cedar Ln",Mesquite,TX,75268,0,2024-11-11
171,TIMOTHY,WALKER,timothy51@protonmail.com,"(560) 668-3826","4973 Highland Ave",Richardson,TX,75688,1,2022-02-08
172,AMANDA,WILSON,amanda48@yahoo.com,"(628) 810-3258","9517 Washington Blvd",McKinney,TX,75498,1,2024-03-16
173,PAMELA,MOORE,pamela.moore@yahoo.com,"(567) 209-8939","2336 Cedar Ln",McKinney,TX,75418,0,2023-12-27
174,RICHARD,LOPEZ,richard.lopez@yahoo.com,"(499) 233-5503","3783 Lake Dr",Arlington,TX,75799,0,2024-12-25
175,MARK,ADAMS,mark15@protonmail.com,"(993) 756-7010","8980 Sunset Blvd",Dallas,TX,75559,1,2023-02-24
176,STEPHEN,EDWARDS,NULL,"(556) 289-8193","2023 Forest Ln",Irving,TX,75830,1,2024-11-14
177,LAURA,CARTER,lcarter@gmail.com,"(559) 745-5605","9878 Lake Dr",Plano,TX,75720,1,2022-10-09
178,GEORGE,TURNER,george18@outlook.com,"(871) 329-3174","4190 Maple Dr",Frisco,TX,75779,0,2023-03-19
179,FRANK,GARCIA,fgarcia@gmail.com,"(987) 295-7600","8547 Valley Way",Arlington,TX,75465,0,2022-10-01
180,NANCY,PARKER,nparker@gmail.com,"(607) 423-8039","3570 Park Ave",Arlington,TX,75848,1,2022-09-19
181,DONNA,BAKER,donna.baker@outlook.com,"(841) 670-1266","2135 Highland Ave",Plano,TX,75467,1,2023-04-23
182,DONNA,PEREZ,dperez@gmail.com,"(569) 456-2350","6192 Hill St",Plano,TX,75405,1,2021-07-21
183,NANCY,CAMPBELL,nancy.campbell@gmail.com,"(335) 807-4705","8610 Hill St",Mesquite,TX,75008,1,2020-07-23
184,DONNA,WRIGHT,dwright@gmail.com,"(304) 305-6133","6122 Highland Ave",Arlington,TX,75391,1,2021-02-17
185,KEVIN,SMITH,kevin84@yahoo.com,"(939) 418-3480","6845 River Rd",Mesquite,TX,75088,1,2021-02-19
186,DIANE,LEWIS,diane41@yahoo.com,"(860) 286-5065","9166 River Rd",Richardson,TX,75797,1,2022-04-17
187,JOSE,HILL,jhill@hotmail.com,"(255) 445-9108","6422 Oak Ave",Irving,TX,75653,1,2024-01-12
188,STEPHANIE,MOORE,smoore@hotmail.com,"(899) 376-8717","1295 Main St",Richardson,TX,75014,1,2021-01-02
189,JAMES,HILL,james81@protonmail.com,"(918) 611-2350","8891 Lake Dr",Richardson,TX,75284,1,2022-02-17
190,SHIRLEY,TAYLOR,staylor@protonmail.com,"(981) 865-2083","5181 Valley Way",McKinney,TX,75059,1,2020-07-04
191,JOSEPH,CARTER,joseph.carter@protonmail.com,"(212) 924-3248","285 Maple Dr",Mesquite,TX,75535,1,2021-06-05
192,VIRGINIA,PARKER,virginia99@gmail.com,"(478) 736-2046","4408 Valley Way",Richardson,TX,75508,0,2024-06-02
193,MARK,BAKER,mark.baker@yahoo.com,"(787) 890-2889","3842 Valley Way",Carrollton,TX,75045,1,2021-01-16
194,FRANCES,WALKER,fwalker@protonmail.com,"(958) 871-7870","3778 Elm St",Irving,TX,75937,1,2022-02-19
195,ANN,WILSON,ann.wilson@protonmail.com,"(728) 247-7568","1229 Highland Ave",Mesquite,TX,75792,1,2022-02-18
196,JOSEPH,SMITH,joseph26@hotmail.com,"(957) 837-4974","7700 Elm St",Richardson,TX,75791,1,2024-04-05
197,MARY,ALLEN,mallen@hotmail.com,"(910) 209-6488","123 Forest Ln",McKinney,TX,75106,1,2024-04-14
198,PAUL,JONES,paul.jones@yahoo.com,"(437) 732-7767","6202 Park Ave",Garland,TX,75517,1,2023-02-19
199,KEVIN,JONES,kevin85@yahoo.com,"(467) 522-7438","5445 Elm St",Mesquite,TX,75239,1,2021-03-25
200,MATTHEW,MILLER,matthew14@yahoo.com,"(521) 616-2978","8880 Elm St",Irving,TX,75315,0,2022-02-03
201,MICHELLE,TURNER,michelle.turner@hotmail.com,"(535) 351-2494","4166 Elm St",McKinney,TX,75693,1,2022-03-01
202,JOHN,HERNANDEZ,john.hernandez@protonmail.com,"(673) 304-3290","2089 Main St",Dallas,TX,75133,1,2023-06-22
203,FRANK,PEREZ,frank.perez@gmail.com,"(222) 266-4239","7365 Forest Ln",Plano,TX,75926,1,2020-01-15
204,MARIA,ANDERSON,maria.anderson@protonmail.com,"(591) 899-7990","2931 Elm St",Irving,TX,75281,1,2023-03-02
205,LARRY,CARTER,larry32@hotmail.com,"(763) 690-1999","1537 Pine Rd",McKinney,TX,75429,1,2024-04-21
206,BRIAN,JOHNSON,bjohnson@outlook.com,"(696) 552-9231","5369 Washington Blvd",Arlington,TX,75026,1,2024-04-01
207,KATHLEEN,JONES,kathleen.jones@outlook.com,"(363) 302-5060","4051 Pine Rd",Carrollton,TX,75782,1,2024-07-12
208,SARAH,THOMAS,sthomas@hotmail.com,"(228) 920-6761","9400 River Rd",Plano,TX,75856,0,2024-05-06
209,PAUL,WILLIAMS,paul.williams@gmail.com,"(220) 739-8831","111 Elm St",Richardson,TX,75825,1,2022-12-06
210,CAROLYN,JONES,carolyn.jones@gmail.com,"(738) 573-2188","6220 Valley Way",McKinney,TX,75344,1,2022-03-06
211,DAVID,MITCHELL,dmitchell@yahoo.com,"(775) 910-6846","3757 Hill St",Richardson,TX,75387,1,2022-03-06
212,MARY,PHILLIPS,mary.phillips@protonmail.com,"(816) 525-4619","9365 Oak Ave",Mesquite,TX,75339,1,2021-06-11
213,LAURA,MITCHELL,NULL,"(471) 414-5088","1210 Elm St",Arlington,TX,75737,1,2020-07-15
214,MICHAEL,ANDERSON,manderson@hotmail.com,"(584) 303-8855","9570 Hill St",Irving,TX,75462,1,2020-05-01
215,STEPHANIE,THOMPSON,stephanie10@hotmail.com,"(364) 949-2228","9062 Highland Ave",Garland,TX,75608,0,2020-07-21
216,LAURA,NELSON,laura21@gmail.com,"(410) 394-7705","9178 Valley Way",Carrollton,TX,75676,1,2022-04-04
217,MARIA,HALL,maria.hall@protonmail.com,"(569) 203-8005","1535 Pine Rd",Richardson,TX,75204,1,2020-04-06
218,SCOTT,MARTINEZ,scott61@gmail.com,"(682) 700-5341","1593 Hill St",Carrollton,TX,75189,1,2023-06-06
219,CHARLES,WILLIAMS,charles.williams@hotmail.com,"(475) 777-2009","2576 Forest Ln",Garland,TX,75684,1,2027-04-14
220,GARY,HARRIS,gary8@outlook.com,"(748) 903-8779","9483 Highland Ave",Irving,TX,75306,1,2023-12-02
221,DONALD,BAKER,donald.baker@protonmail.com,"(975) 659-3832","2838 Cedar Ln",Irving,TX,75043,0,2020-11-14
222,JESSICA,MITCHELL,jmitchell@hotmail.com,"(268) 289-7358","9215 Washington Blvd",Carrollton,TX,75877,1,2024-08-28
223,PATRICIA,PHILLIPS,patricia.phillips@protonmail.com,"(624) 353-3428","9383 River Rd",Richardson,TX,75947,1,2024-02-26
224,PAMELA,GREEN,pgreen@outlook.com,"(697) 785-8750","713 Maple Dr",Arlington,TX,75147,0,2020-07-11
225,JERRY,MARTIN,jerry96@outlook.com,"(220) 545-5965","5194 Pine Rd",Mesquite,TX,75995,1,2021-05-24
226,RICHARD,COLLINS,rcollins@protonmail.com,"(291) 392-8237","3563 Highland Ave",McKinney,TX,75777,1,2020-09-26
227,Michelle,BROWN,michelle.brown@hotmail.com,"(999) 736-1474","2946 Cedar Ln",Irving,TX,75255,1,2023-01-12
228,NULL,GARCIA,jgarcia@outlook.com,"(326) 897-1500","4063 Elm St",Mesquite,TX,75181,0,2024-09-12
229,JANET,ANDERSON,janet.anderson@hotmail.com,"(595) 250-3669","9475 Forest Ln",Irving,TX,75662,1,2021-05-21
230,ROBERT,HILL,robert.hill@gmail.com,"(862) 377-1138","3766 Pine Rd",Richardson,TX,75729,1,2023-07-28
231,JANET,KING,jking@hotmail.com,"(733) 838-7506","9676 Oak Ave",Dallas,TX,75574,1,2022-11-04
232,DANIEL,BROWN,daniel36@hotmail.com,"(871) 928-5895","3186 Maple Dr",Carrollton,TX,75921,1,2024-07-22
233,STEPHANIE,TURNER,stephanie93@gmail.com,"(465) 628-7628","6461 Valley Way",Dallas,TX,75351,1,2024-11-26
234,CHRISTOPHER,ROBERTS,croberts@yahoo.com,"(771) 385-5813","1699 Park Ave",Plano,TX,75742,1,2022-11-03
235,ANGELA,LEWIS,angela96@hotmail.com,"(580) 466-5817","7698 Sunset Blvd",Garland,TX,75054,1,2023-04-17
236,SANDRA,TURNER,sandra.turner@outlook.com,"(354) 340-4281","5714 Washington Blvd",Richardson,TX,75146,1,2021-02-16
237,CHRISTINE,MITCHELL,christine41@gmail.com,"(480) 414-3762","9541 Forest Ln",Plano,TX,75804,1,2021-10-14
238,SCOTT,YOUNG,scott.young@outlook.com,"(238) 746-4267","6212 Main St",Frisco,TX,75018,1,2021-04-23
239,JANET,ROBINSON,jrobinson@protonmail.com,"(513) 371-2069","849 Pine Rd",Arlington,TX,75745,1,2023-11-05
240,MARIE,LOPEZ,marie97@yahoo.com,"(219) 433-4675","2249 Cedar Ln",Dallas,TX,75126,1,2028-05-19
241,ANNA,COLLINS,anna.collins@protonmail.com,"(877) 310-1323","890 Valley Way",Garland,TX,75454,0,2020-09-09
242,CHRISTOPHER,PHILLIPS,christopher27@gmail.com,"(877) 303-9524","4523 River Rd",Richardson,TX,75428,1,2024-12-20
243,SANDRA,MARTINEZ,smartinez@yahoo.com,"(404) 996-5308","8671 Cedar Ln",Frisco,TX,75302,1,2020-09-16
244,SHIRLEY,PHILLIPS,shirley.phillips@outlook.com,"(887) 291-2809","9506 Hill St",Mesquite,TX,75972,1,2024-02-24
245,KAREN,THOMPSON,karen59@hotmail.com,"(251) 302-3862","746 Sunset Blvd",Arlington,TX,75820,1,2023-12-04
246,"   ",EDWARDS,karen2@yahoo.com,"(566) 648-5395","1622 Elm St",Frisco,TX,75116,0,2023-08-09
247,DIANE,PHILLIPS,diane.phillips@outlook.com,"(912) 943-1960","2711 Oak Ave",McKinney,TX,75821,0,2021-10-13
248,CATHERINE,CARTER,catherine88@yahoo.com,"(315) 621-8220","853 Oak Ave",Arlington,TX,75012,1,2022-09-17
249,JERRY,PHILLIPS,jerry13@outlook.com,"(554) 879-7305","2535 Sunset Blvd",Carrollton,TX,75011,1,2024-08-28
250,MARK,ANDERSON,mark.anderson@gmail.com,"(538) 484-1824","8405 Cedar Ln",Carrollton,TX,75412,1,2020-08-15
251,JASON,HERNANDEZ,jason.hernandez@gmail.com,"(709) 963-1291","1781 Washington Blvd",McKinney,TX,75570,1,2020-10-20
252,Scott,ROBINSON,scott72@yahoo.com,"(572) 255-4652","7545 Elm St",Carrollton,TX,75733,1,2023-02-04
253,ANDREW,HARRIS,aharris@hotmail.com,"(734) 582-2741","850 Highland Ave",Plano,TX,75143,0,2020-05-20
254,JESSICA,JACKSON,jessica.jackson@gmail.com,"(933) 546-2765","6890 Main St",Richardson,TX,75790,0,2023-11-19
255,DONALD,MOORE,dmoore@gmail.com,"(643) 799-8912","8428 Forest Ln",Plano,TX,75748,1,2020-07-22
256,TIMOTHY,NELSON,tnelson@outlook.com,"(909) 980-5067","4582 Washington Blvd",Frisco,TX,75463,1,2021-07-20
257,DENNIS,EVANS,devans@hotmail.com,"(954) 766-4560","3391 Cedar Ln",Richardson,TX,75703,1,2021-12-21
258,SARAH,HILL,sarah89@hotmail.com,"(775) 691-7839","8847 Pine Rd",McKinney,TX,75535,1,2020-07-05
259,MARIA,ROBERTS,maria26@hotmail.com,"(899) 456-3399","1116 Valley Way",Arlington,TX,75771,1,2022-08-04
260,LARRY,TURNER,larry.turner@protonmail.com,"(723) 912-5712","869 Highland Ave",McKinney,TX,75-001,1,2024-01-01
261,ANNA,JACKSON,ajackson@hotmail.com,"(759) 956-4218","3270 Pine Rd",Mesquite,TX,75699,1,2021-03-24
262,GEORGE,WILSON,gwilson@hotmail.com,"(470) 333-3636","9668 Sunset Blvd",Arlington,TX,75338,0,2021-01-05
263,CAROLYN,NELSON,carolyn81@protonmail.com,"(786) 763-6866","1294 Forest Ln",Frisco,TX,75979,1,2024-02-26
264,DONALD,ANDERSON,donald.anderson@outlook.com,"(557) 426-4495","5537 Elm St",Frisco,TX,75223,0,2024-11-01
265,HELEN,ROBERTS,hroberts@protonmail.com,"(449) 240-6258","6348 Highland Ave",Garland,TX,75262,1,2020-09-27
266,ANN,HILL,ann58@outlook.com,"(867) 397-6248","8519 Oak Ave",Garland,TX,75994,1,2020-04-22
267,FRANK,COLLINS,NULL,"(750) 919-8130","1281 Valley Way",Plano,TX,75470,1,2020-02-03
268,MARIA,THOMAS,maria.thomas@hotmail.com,"(464) 617-7357","7491 Hill St",McKinney,TX,75323,1,2023-11-04
269,EDWARD,SMITH,esmith@gmail.com,"(274) 566-9238","1838 Pine Rd",Arlington,TX,75288,0,2023-07-27
270,ANDREW,JOHNSON,andrew.johnson@outlook.com,"(964) 600-9941","4932 Hill St",Plano,TX,75693,1,2020-09-28
271,ANTHONY,TAYLOR,ataylor@protonmail.com,"(603) 750-9970","1494 Pine Rd",Irving,TX,75216,0,2024-03-06
272,KIMBERLY,HARRIS,kimberly.harris@protonmail.com,"(887) 780-1891","9092 Park Ave",Carrollton,TX,75297,1,2022-02-07
273,MATTHEW,LOPEZ,matthew.lopez@hotmail.com,"(491) 834-2143","3270 Elm St",Mesquite,TX,75336,1,2024-03-19
274,KEVIN,LEE,kevin55@yahoo.com,"(452) 426-8145","4633 Sunset Blvd",Frisco,TX,75695,1,2023-08-15
275,CATHERINE,COLLINS,catherine.collins@hotmail.com,"(861) 821-2343","4697 Sunset Blvd",Plano,TX,75269,1,2020-01-28
276,DONALD,MITCHELL,dmitchell@outlook.com,"(417) 237-5269","9004 Highland Ave",Carrollton,TX,75669,1,2022-07-08
277,GARY,PARKER,gparker@protonmail.com,NULL,"8327 Main St",Irving,TX,75775,1,2023-03-06
278,KEVIN,BAKER,kevin.baker@yahoo.com,"(424) 979-8989","3896 Oak Ave",Arlington,TX,75239,1,2021-09-26
279,FRANCES,WALKER,fwalker@gmail.com,"(531) 305-9542","4580 Sunset Blvd",Arlington,TX,75385,0,2022-10-21
280,DOROTHY,SCOTT,dorothy49@yahoo.com,"(561) 553-8976","7998 Highland Ave",Richardson,TX,75513,1,2023-03-08
281,DOROTHY,HILL,dorothy.hill@hotmail.com,"(570) 816-2938","3873 Washington Blvd",Frisco,TX,75493,0,2023-04-19
282,"   ",PEREZ,plaintext,"(787) 806-3639","2307 Hill St",Carrollton,TX,75912,1,2020-03-09
283,KIMBERLY,SCOTT,kscott@gmail.com,"(945) 877-5644","1504 Cedar Ln",Mesquite,TX,75888,0,2021-04-27
284,ROBERT,NELSON,rnelson@protonmail.com,"(723) 470-3747","5714 Highland Ave",Mesquite,TX,75235,0,2023-03-04
285,LINDA,JACKSON,ljackson@yahoo.com,"(298) 381-8796","9927 Main St",Carrollton,TX,75095,0,2021-10-18
286,MARY,COLLINS,mary.collins@outlook.com,"(914) 742-8028","3859 Forest Ln",Mesquite,TX,75358,1,2023-03-09
287,DANIEL,COLLINS,dcollins@protonmail.com,"(618) 463-4096","189 Valley Way",Dallas,TX,75532,1,2023-11-07
288,JERRY,CLARK,jerry47@gmail.com,"(867) 799-5155","4381 Sunset Blvd",Carrollton,TX,75578,1,2024-05-22
289,JAMES,EDWARDS,james53@protonmail.com,"(383) 579-8925","4257 Pine Rd",Richardson,TX,75792,0,2021-11-04
290,MELISSA,HERNANDEZ,melissa13@yahoo.com,"(546) 763-1852","2733 Washington Blvd",Dallas,TX,75843,1,2023-10-14
291,NANCY,BROWN,nbrown@gmail.com,"(238) 941-7296","6664 River Rd",Carrollton,TX,75728,1,2021-11-16
292,RICHARD,SMITH,richard.smith@yahoo.com,"(234) 813-9364","8551 Valley Way",Irving,TX,75690,1,2022-04-21
293,MARY,ANDERSON,manderson@hotmail.com,"(604) 615-4281","8582 Main St",Garland,TX,75562,1,2024-10-12
294,JANET,GARCIA,janet78@yahoo.com,"(788) 204-5277","2967 Washington Blvd",Carrollton,TX,75572,1,2024-05-11
295,HELEN,HILL,hhill@hotmail.com,"(653) 586-8923","4085 Forest Ln",Frisco,TX,75697,0,2024-01-16
296,HELEN,THOMPSON,helen49@yahoo.com,"(622) 561-9462","8876 Main St",Arlington,TX,75294,1,2023-11-24
297,"   ",BROWN,marie23@outlook.com,"(423) 787-5408","3094 Valley Way",Irving,TX,75754,1,2021-12-08
298,REBECCA,WHITE,rebecca26@yahoo.com,"(359) 997-2747","2064 Highland Ave",Garland,TX,75628,1,2024-01-28
299,DANIEL,LEE,daniel41@outlook.com,"(702) 387-9374","4691 Washington Blvd",Irving,TX,75055,0,2023-09-02
300,DONALD,LEWIS,donald.lewis@outlook.com,"(915) 730-8537","5271 Valley Way",Dallas,TX,75690,1,2023-10-04
301,CAROLYN,LEE,carolyn34@yahoo.com,"(442) 475-8722","5721 Elm St",Plano,TX,75434,1,2023-12-25
302,ANN,LEE,alee@yahoo.com,"(334) 789-4744","1736 Valley Way",Arlington,TX,75568,0,2023-04-05
303,SHARON,WRIGHT,sharon.wright@gmail.com,"(845) 729-9748","5272 Forest Ln",Mesquite,TX,75256,1,2023-02-23
304,MICHELLE,JONES,nodot@com,"(962) 542-5256","6014 Elm St",Carrollton,TX,75352,1,2023-02-12
305,GREGORY,NELSON,gregory.nelson@yahoo.com,"(999) 491-6818","5426 Hill St",Carrollton,TX,75793,0,2020-07-20
306,PAMELA,KING,pking@outlook.com,"(827) 785-7631","1268 Oak Ave",Plano,TX,75233,1,2022-11-10
307,VIRGINIA,NELSON,vnelson@hotmail.com,"(801) 733-8377","6882 Maple Dr",Plano,TX,75128,1,2022-12-23
308,LISA,WHITE,lisa.white@yahoo.com,"(684) 761-1881","531 Forest Ln",McKinney,TX,75106,1,2024-03-03
309,STEPHEN,WALKER,stephen30@yahoo.com,"(841) 329-3150","8730 Sunset Blvd",Plano,TX,75035,1,2022-08-15
310,BRIAN,GARCIA,brian.garcia@protonmail.com,"(805) 811-8480","9340 Washington Blvd",Carrollton,TX,75930,1,2023-09-08
311,NANCY,HERNANDEZ,nancy.hernandez@hotmail.com,"(510) 210-1001","8674 Sunset Blvd",Plano,TX,75293,0,2024-01-23
312,PAUL,EDWARDS,paul39@gmail.com,"(811) 436-1118","9081 Elm St",Irving,TX,75903,0,2023-04-06
313,ERIC,WALKER,eric29@hotmail.com,"(840) 445-9464","4554 Pine Rd",Carrollton,TX,75422,1,2020-03-05
314,MARTHA,WILSON,mwilson@hotmail.com,"(837) 703-4076","5353 Main St",Plano,TX,75992,1,2021-02-10
315,VIRGINIA,MOORE,virginia.moore@outlook.com,"(354) 215-9086","3658 Elm St",McKinney,TX,75804,0,2022-08-23
316,ELIZABETH,RODRIGUEZ,elizabeth97@yahoo.com,"(994) 601-2169","8999 Park Ave",Plano,TX,75917,1,2023-01-04
317,AMY,WALKER,amy32@gmail.com,"(952) 989-2539","8638 Hill St",Irving,TX,75398,1,2022-03-21
318,JENNIFER,EVANS,jennifer67@gmail.com,"(853) 505-4255","6005 Highland Ave",Dallas,TX,75996,1,2021-11-14
319,CAROLYN,SMITH,carolyn36@protonmail.com,"(448) 209-1688","9620 Forest Ln",Mesquite,TX,75380,1,2021-03-16
320,NANCY,TURNER,nancy44@gmail.com,"(860) 357-9787","1859 Maple Dr",Mesquite,TX,75324,1,2023-12-07
321,LINDA,PHILLIPS,linda.phillips@outlook.com,"(696) 923-8168","9259 Pine Rd",Carrollton,TX,75194,1,2024-06-11
322,THOMAS,GARCIA,tgarcia@gmail.com,"(358) 660-5844","4414 Lake Dr",Frisco,TX,75000,0,2021-01-20
323,Frances,COLLINS,fcollins@gmail.com,"(751) 596-4110","8686 Hill St",Mesquite,TX,75627,1,2022-07-21
324,CAROLYN,WILSON,carolyn.wilson@gmail.com,"(382) 232-4310","1853 Park Ave",Irving,TX,75032,0,2023-09-20
325,Dennis,GONZALEZ,dgonzalez@yahoo.com,"(935) 272-1214","3519 Hill St",Mesquite,TX,75479,1,2022-09-24
326,MICHAEL,LEE,michael.lee@gmail.com,"(951) 272-5979","1376 Cedar Ln",Carrollton,TX,75103,1,2024-07-07
327,DEBORAH,SCOTT,dscott@protonmail.com,"(771) 625-2728","9546 Elm St",Mesquite,TX,75904,1,2021-03-18
328,JOHN,HILL,jhill@protonmail.com,"(653) 560-6163","9112 Elm St",Frisco,TX,75782,0,2022-10-08
329,KEVIN,GREEN,kevin49@protonmail.com,"(663) 658-7505","103 Valley Way",Dallas,TX,75610,1,2024-03-10
330,MARY,ROBINSON,mrobinson@gmail.com,"(482) 766-9376","9214 River Rd",Richardson,TX,75096,1,2023-06-05
331,CAROL,THOMPSON,carol75@yahoo.com,"(507) 294-7550","9423 Highland Ave",Irving,TX,75740,1,2023-03-16
332,JERRY,PHILLIPS,NULL,"(948) 790-7251","1385 Forest Ln",Dallas,TX,75356,0,2023-02-28
333,"   ",EVANS,melissa2@outlook.com,"(736) 242-6231","8946 River Rd",Plano,TX,75514,1,2021-01-22
334,JAMES,HERNANDEZ,james.hernandez@protonmail.com,"(642) 496-7460","2525 Maple Dr",Frisco,TX,75487,1,2024-07-09
335,LISA,HALL,lisa56@yahoo.com,"(772) 402-8993","6576 Hill St",Richardson,TX,75574,1,2021-02-09
336,DAVID,CLARK,david12@gmail.com,"(574) 556-4120","5354 Elm St",Richardson,TX,75788,1,2021-06-20
337,RICHARD,CARTER,richard.carter@yahoo.com,"(901) 582-3555","1505 Oak Ave",Dallas,TX,75971,1,2022-01-11
338,JERRY,WILSON,jerry58@outlook.com,"(414) 957-9814","3571 Cedar Ln",Carrollton,TX,75561,0,2024-12-05
339,JERRY,PHILLIPS,jerry.phillips@gmail.com,"(461) 374-1984","4753 Cedar Ln",Richardson,TX,75054,0,2020-02-13
340,ANDREW,GARCIA,agarcia@hotmail.com,"(595) 436-7237","8431 Valley Way",Garland,TX,75496,1,2021-04-17
341,JOSEPH,ADAMS,joseph6@yahoo.com,NULL,"2672 Main St",Frisco,TX,75363,1,2021-09-09
342,SUSAN,MITCHELL,susan50@gmail.com,"(430) 355-6599","6536 Hill St",Plano,TX,75747,0,2024-11-20
343,FRANK,TURNER,frank.turner@yahoo.com,"(636) 519-6395","7459 Lake Dr",Plano,TX,75668,1,2024-09-22
344,JESSICA,MOORE,jessica89@protonmail.com,"(988) 348-3589","5301 Oak Ave",Carrollton,TX,75188,1,2021-12-01
345,STEPHANIE,ALLEN,stephanie.allen@outlook.com,"(997) 392-2749","2255 Maple Dr",Dallas,TX,75620,1,2024-04-08
346,JOSHUA,JOHNSON,jjohnson@yahoo.com,"(819) 680-7126","3114 Sunset Blvd",McKinney,TX,75485,1,2021-04-08
347,ELIZABETH,ALLEN,eallen@yahoo.com,"(887) 407-4351","1183 Maple Dr",Mesquite,TX,75704,1,2023-04-14
348,JOHN,COLLINS,john78@outlook.com,"(826) 960-9784","8705 Hill St",Dallas,TX,75462,0,2020-04-17
349,EDWARD,HALL,ehall@protonmail.com,"(250) 394-5770","7301 Washington Blvd",Arlington,TX,75472,1,2023-05-20
350,MARIA,PHILLIPS,maria.phillips@protonmail.com,"(939) 712-2854","3045 Forest Ln",Richardson,TX,75402,0,2022-08-01
351,SARAH,KING,sarah.king@protonmail.com,"(456) 531-3686","2124 Oak Ave",Garland,TX,75649,1,2020-09-23
352,DIANE,PARKER,dparker@outlook.com,"(589) 244-3799","5591 River Rd",Plano,TX,75889,1,2021-12-02
353,MICHAEL,ROBINSON,mrobinson@hotmail.com,"(385) 320-3155","3423 Main St",Richardson,TX,75012,0,2023-08-18
354,MARY,NELSON,mnelson@protonmail.com,"(687) 664-7719","7339 Oak Ave",Richardson,TX,75250,1,2024-11-18
355,"   ",JONES,shirley.jones@yahoo.com,"(348) 233-5889","5524 Highland Ave",Garland,TX,75111,0,2021-03-22
356,PAMELA,CARTER,pamela74@protonmail.com,"(967) 792-6901","687 Oak Ave",Arlington,TX,75377,0,2020-07-27
357,RONALD,BROWN,rbrown@gmail.com,"(481) 537-9635","6879 Lake Dr",Irving,TX,75626,1,2020-10-24
358,FRANK,SCOTT,frank62@protonmail.com,"(823) 524-5254","8708 River Rd",Richardson,TX,75949,1,2024-10-16
359,KENNETH,PARKER,kenneth.parker@outlook.com,"(925) 497-4171","125 Oak Ave",Dallas,TX,75640,1,2021-10-14
360,ROBERT,WILLIAMS,robert.williams@hotmail.com,"(855) 406-5614","4268 Forest Ln",Garland,TX,75307,1,2020-02-22
361,CHRISTINE,RODRIGUEZ,christine.rodriguez@outlook.com,"(379) 398-6415","5636 Highland Ave",Mesquite,TX,75816,1,2021-08-05
362,FRANK,KING,fking@outlook.com,"(257) 733-5904","9356 Valley Way",Frisco,TX,75213,1,2022-02-05
363,KATHLEEN,JOHNSON,kjohnson@yahoo.com,"(820) 598-4070","9851 Oak Ave",Arlington,TX,75726,1,2022-07-03
364,MARK,MARTIN,mmartin@yahoo.com,"(509) 379-2838","6231 Forest Ln",Dallas,TX,75935,1,2023-09-01
365,DANIEL,HILL,dhill@outlook.com,"(736) 517-6363","2447 Forest Ln",Garland,TX,75210,1,2023-07-23
366,KENNETH,WILSON,kenneth.wilson@gmail.com,"(541) 678-1755","1789 Lake Dr",Arlington,TX,75591,1,2021-06-07
367,DEBORAH,MARTINEZ,dmartinez@outlook.com,"(320) 479-3446","2680 Pine Rd",Garland,TX,75981,1,2021-09-12
368,RONALD,CLARK,ronald.clark@hotmail.com,"(375) 272-6101","5649 Lake Dr",Mesquite,TX,75133,1,2023-11-02
369,BETTY,WALKER,betty.walker@gmail.com,"(921) 810-8304","5926 Pine Rd",Frisco,TX,75730,1,2023-10-05
370,NANCY,PHILLIPS,nphillips@hotmail.com,"(859) 927-8625","7809 Cedar Ln",Irving,TX,75881,1,2022-07-06
371,DENNIS,ROBERTS,dennis.roberts@hotmail.com,"(266) 686-2849","5858 Park Ave",Mesquite,TX,75289,1,2024-10-05
372,GEORGE,MILLER,gmiller@hotmail.com,"(865) 272-5949","8828 Park Ave",McKinney,TX,75244,1,2027-10-08
373,DIANE,BROWN,diane27@protonmail.com,"(780) 550-9921","3969 Maple Dr",Garland,TX,75117,0,2022-09-04
374,RICHARD,THOMAS,richard.thomas@hotmail.com,"(901) 810-7208","5464 Park Ave",Dallas,TX,75222,1,2024-11-26
375,MARY,EDWARDS,medwards@outlook.com,"(498) 599-8326","3305 Cedar Ln",Frisco,TX,75583,1,2023-12-12
376,NANCY,GONZALEZ,NULL,"(501) 263-7049","9092 Main St",Dallas,TX,75112,1,2020-04-14
377,DENNIS,GONZALEZ,dennis81@hotmail.com,"(590) 645-9931","3560 Hill St",Plano,TX,75142,1,2024-07-27
378,FRANCES,ALLEN,frances.allen@yahoo.com,"(273) 863-1257","2459 Valley Way",Mesquite,TX,75998,1,2020-03-21
379,MICHAEL,KING,michael55@protonmail.com,"(721) 634-8373","6403 Elm St",Irving,TX,75434,1,2024-08-28
380,BRENDA,CAMPBELL,bcampbell@protonmail.com,"(575) 234-1620","9408 Park Ave",Frisco,TX,75594,0,2020-03-24
381,STEVEN,EDWARDS,sedwards@gmail.com,"(824) 290-5017","7840 Hill St",Garland,TX,75627,1,2022-09-25
382,PATRICIA,WRIGHT,pwright@protonmail.com,"(539) 631-6782","4927 Pine Rd",Plano,TX,75711,1,2024-05-02
383,FRANK,WRIGHT,fwright@gmail.com,"(498) 955-1447","4799 Park Ave",Garland,TX,75517,1,2022-05-05
384,LARRY,GARCIA,lgarcia@gmail.com,"(378) 805-3476","7417 Elm St",Plano,TX,75801,1,2023-03-26
385,STEVEN,WILLIAMS,NULL,"(707) 970-7765","6377 Cedar Ln",Mesquite,TX,75215,1,2020-11-09
386,HELEN,JONES,helen60@outlook.com,"(687) 964-9724","3928 Washington Blvd",McKinney,TX,75268,1,2024-07-01
387,PAMELA,HERNANDEZ,phernandez@protonmail.com,"(242) 299-9704","5897 Sunset Blvd",McKinney,TX,75343,1,2022-02-09
388,STEPHEN,GONZALEZ,stephen.gonzalez@outlook.com,"(732) 545-3947","5232 Lake Dr",Dallas,TX,75851,1,2020-07-04
389,STEVEN,MILLER,steven45@yahoo.com,"(397) 234-1388","1606 Main St",Richardson,TX,75973,1,2020-02-28
390,JOSE,MOORE,jose.moore@outlook.com,"(912) 388-5150","4926 Park Ave",Garland,TX,75944,1,2023-12-22
391,CAROLYN,THOMPSON,carolyn10@hotmail.com,"(597) 540-1984","4330 Sunset Blvd",Arlington,TX,75451,1,2023-04-20
392,JAMES,THOMAS,james14@yahoo.com,"(423) 828-2740","7334 Valley Way",Arlington,TX,75035,1,2020-10-24
393,ANNA,COLLINS,acollins@yahoo.com,"(855) 200-1619","6497 Pine Rd",Plano,TX,75926,0,2024-01-17
394,PAUL,WRIGHT,paul.wright@outlook.com,"(203) 593-8898","2085 River Rd",Carrollton,TX,75341,1,2023-01-21
395,ERIC,DAVIS,eric69@hotmail.com,"(978) 984-5750","3427 Maple Dr",Carrollton,TX,75990,0,2021-05-23
396,DIANE,MILLER,dmiller@outlook.com,"(394) 343-1584","3263 Main St",Richardson,TX,75500,0,2020-09-21
397,AMANDA,LOPEZ,amanda58@gmail.com,"(257) 545-1701","6743 Oak Ave",Irving,TX,75962,1,2024-04-03
398,ELIZABETH,EVANS,eevans@outlook.com,"(246) 448-3138","335 Maple Dr",Dallas,TX,75840,1,2023-10-06
399,GARY,BROWN,gbrown@protonmail.com,"(425) 264-4320","7083 Elm St",McKinney,TX,75123,1,2022-04-25
400,JENNIFER,GONZALEZ,jennifer43@gmail.com,"(344) 975-7801","2853 Valley Way",Frisco,TX,75449,1,2024-01-05
401,KAREN,MITCHELL,karen49@yahoo.com,"(282) 206-1118","3039 Highland Ave",Garland,TX,75426,0,2021-04-05
402,SCOTT,GARCIA,scott.garcia@protonmail.com,"(825) 908-1616","9869 Maple Dr",Mesquite,TX,75642,1,2022-07-01
403,ANTHONY,MARTIN,amartin@gmail.com,"(570) 979-9842","8415 Cedar Ln",Mesquite,TX,75283,1,2021-02-26
404,SHARON,TURNER,sturner@yahoo.com,"(244) 255-6966","4770 Cedar Ln",McKinney,TX,75342,0,2020-02-24
405,MARIA,GREEN,mgreen@outlook.com,"(318) 272-4855","7387 River Rd",Richardson,TX,75429,1,2022-04-25
406,HELEN,CLARK,helen.clark@yahoo.com,"(584) 425-2204","7816 River Rd",Mesquite,TX,75911,0,2021-04-20
407,JOSEPH,THOMAS,jthomas@outlook.com,"(398) 847-6875","4518 Cedar Ln",Frisco,TX,75032,1,2022-03-04
408,THOMAS,KING,thomas22@hotmail.com,"(818) 360-3784","9571 Lake Dr",Irving,TX,7501,0,2021-10-16
409,THOMAS,GARCIA,thomas.garcia@gmail.com,"(535) 644-4643","9795 Maple Dr",Richardson,TX,75427,1,2020-08-24
410,DONALD,WILLIAMS,dwilliams@outlook.com,"(300) 663-9114","4040 Oak Ave",Carrollton,TX,75709,0,2021-03-12
411,MARTHA,MARTIN,martha.martin@gmail.com,"(920) 670-1399","7552 Park Ave",Plano,TX,75189,1,2023-12-21
412,MARY,MITCHELL,mary.mitchell@gmail.com,"(503) 636-5420","8987 River Rd",Irving,TX,75635,1,2020-09-22
413,FRANCES,JONES,fjones@outlook.com,"(241) 574-7003","2971 Hill St",Carrollton,TX,75574,1,2021-06-08
414,BRIAN,WILSON,bwilson@yahoo.com,"(979) 430-6250","5878 Highland Ave",Arlington,TX,75283,1,2020-06-12
415,CHARLES,LOPEZ,clopez@outlook.com,"(744) 894-9730","4888 Park Ave",Richardson,TX,75819,1,2021-08-03
416,LISA,HALL,lisa.hall@yahoo.com,"(482) 314-3424","8231 Maple Dr",Irving,TX,75300,0,2024-03-16
417,JANET,ALLEN,janet.allen@outlook.com,"(264) 222-4806","8613 Hill St",Frisco,TX,75592,1,2022-08-19
418,RAYMOND,PHILLIPS,raymond71@outlook.com,"(780) 335-6021","2913 Forest Ln",Arlington,TX,75495,1,2022-01-05
419,CATHERINE,MARTINEZ,cmartinez@yahoo.com,"(748) 492-3986","2973 Sunset Blvd",Plano,TX,75243,1,2020-06-19
420,DONNA,HERNANDEZ,dhernandez@yahoo.com,"(924) 235-6192","5733 Maple Dr",Frisco,TX,75552,1,2024-05-04
421,BARBARA,HALL,barbara99@yahoo.com,"(359) 204-9948","8413 Elm St",Arlington,TX,75917,1,2024-11-05
422,KEVIN,PARKER,kevin.parker@outlook.com,"(342) 894-2914","5147 Main St",McKinney,TX,75456,1,2020-06-02
423,JOSE,PEREZ,jose75@protonmail.com,"(400) 223-2369","8921 Sunset Blvd",Mesquite,TX,75999,0,2021-08-11
424,JOSE,NELSON,jose.nelson@protonmail.com,"(933) 637-7056","6426 Elm St",Dallas,TX,75353,1,2022-08-28
425,ANTHONY,DAVIS,anthony94@outlook.com,"(495) 367-7944","6886 Maple Dr",Richardson,TX,75147,1,2022-08-28
426,STEVEN,RODRIGUEZ,@.com,"(619) 854-5478","6891 Maple Dr",Carrollton,TX,75727,1,2021-03-27
427,JOYCE,MARTINEZ,jmartinez@hotmail.com,"(511) 705-8593","3778 Main St",Dallas,TX,75268,1,2023-02-21
428,RAYMOND,MARTINEZ,raymond.martinez@outlook.com,"(322) 983-5541","8178 Oak Ave",Richardson,TX,75595,0,2024-07-28
429,REBECCA,MITCHELL,rmitchell@hotmail.com,"(950) 789-1287","4352 Maple Dr",Richardson,TX,75149,1,2023-12-05
430,CATHERINE,ANDERSON,canderson@outlook.com,"(564) 249-5749","4878 Lake Dr",Garland,TX,75784,1,2020-10-25
431,LAURA,GREEN,lgreen@hotmail.com,"(914) 904-6939","1670 Lake Dr",Richardson,TX,75843,1,2020-03-17
432,PAMELA,LEE,pamela.lee@outlook.com,"(423) 358-9247","3722 Sunset Blvd",Irving,TX,75427,0,2020-02-27
433,DONNA,JOHNSON,donna.johnson@outlook.com,"(652) 811-9570","5704 Maple Dr",Arlington,TX,75762,1,2021-03-28
434,JERRY,TAYLOR,jerry.taylor@yahoo.com,"(280) 635-2830","1373 Main St",Mesquite,TX,75043,1,2020-01-26
435,ANDREW,HILL,andrew8@outlook.com,"(244) 267-5942","268 Forest Ln",Garland,TX,75942,1,2024-04-06
436,RAYMOND,LEWIS,rlewis@hotmail.com,"(556) 560-3630","8302 Forest Ln",Richardson,TX,75517,1,2020-10-25
437,PATRICIA,SCOTT,patricia.scott@yahoo.com,"(972) 750-1070","1716 Highland Ave",Irving,TX,75375,1,2023-11-04
438,KIMBERLY,LEWIS,kimberly.lewis@outlook.com,"(617) 315-6149","2125 Park Ave",Garland,TX,75507,1,2022-09-24
439,JENNIFER,DAVIS,jennifer64@gmail.com,"(667) 814-6111","7373 Cedar Ln",Carrollton,TX,75297,0,2021-02-27
440,CHRISTOPHER,TURNER,cturner@outlook.com,"(307) 605-8177","8663 Hill St",Garland,TX,75146,0,2023-12-19
441,BETTY,EVANS,betty9@hotmail.com,"(405) 809-7623","2111 Cedar Ln",McKinney,TX,75285,1,2023-06-16
442,RAYMOND,NELSON,shared.account@gmail.com,"(986) 665-2770","2101 Pine Rd",Mesquite,TX,75236,1,2020-02-24
443,MARIA,BROWN,maria87@gmail.com,"(819) 895-6356","2602 Pine Rd",Richardson,TX,75778,1,2024-08-26
444,THOMAS,JACKSON,tjackson@outlook.com,"(467) 755-6629","8956 Lake Dr",Dallas,TX,75440,1,2023-08-11
445,JOYCE,HERNANDEZ,jhernandez@yahoo.com,"(875) 998-5965","2789 Park Ave",McKinney,TX,75319,0,2023-02-19
446,Gregory,LOPEZ,gregory88@protonmail.com,"(687) 775-3560","8401 Main St",McKinney,TX,75506,0,2024-11-12
447,PAMELA,CLARK,pamela.clark@gmail.com,"(575) 557-1440","5691 Washington Blvd",Garland,TX,75353,1,2023-06-02
448,ANDREW,MARTIN,andrew.martin@yahoo.com,"(904) 267-5995","1975 Elm St",Plano,TX,75551,1,2020-08-22
449,WILLIAM,BAKER,wbaker@gmail.com,"(680) 802-1364","5285 Washington Blvd",Richardson,TX,75330,1,2023-02-23
450,GREGORY,WHITE,gregory.white@hotmail.com,"(829) 506-6952","7243 Cedar Ln",Mesquite,TX,75860,1,2022-05-02
451,DEBRA,BAKER,dbaker@gmail.com,"(792) 297-6518","4578 Oak Ave",Richardson,TX,75437,1,2022-02-21
452,DEBRA,HILL,debra.hill@hotmail.com,"(624) 611-5116","8543 Park Ave",Carrollton,TX,75902,1,2024-03-19
453,MARK,WHITE,mark35@protonmail.com,"(779) 944-1981","8656 Cedar Ln",Frisco,TX,75151,1,2021-12-22
454,DEBRA,YOUNG,debra41@gmail.com,"(473) 493-3631","4301 Hill St",Richardson,TX,75415,1,2020-03-07
455,BARBARA,MARTIN,barbara60@outlook.com,"(632) 862-1606","3409 Maple Dr",Arlington,TX,75029,1,2022-11-18
456,SARAH,PEREZ,sarah.perez@gmail.com,"(285) 521-5882","1141 Highland Ave",McKinney,TX,75687,1,2023-12-27
457,CAROL,MARTIN,cmartin@gmail.com,"(880) 794-9605","4225 Park Ave",Garland,TX,75614,1,2022-06-27
458,MATTHEW,EVANS,matthew.evans@outlook.com,"(347) 309-3869","3607 Pine Rd",Mesquite,TX,75260,1,2023-09-12
459,DENNIS,WILSON,dwilson@outlook.com,"(452) 484-3374","6047 Park Ave",Frisco,TX,75021,1,2020-12-26
460,RAYMOND,MARTIN,rmartin@hotmail.com,"(917) 571-2999","8863 Sunset Blvd",Irving,TX,75397,1,2023-05-10
461,NANCY,EDWARDS,nancy39@yahoo.com,"(846) 524-7656","655 Pine Rd",Garland,TX,75482,0,2022-12-14
462,KAREN,ANDERSON,karen65@gmail.com,"(816) 946-9973","5453 Park Ave",Dallas,TX,75656,1,2023-11-05
463,MARY,HALL,mhall@hotmail.com,"(284) 313-3585","4189 Lake Dr",Plano,TX,75811,1,2023-08-28
464,CAROL,THOMPSON,carol88@protonmail.com,"(403) 286-7791","6122 Maple Dr",McKinney,TX,75967,1,2020-01-18
465,ERIC,CARTER,eric12@outlook.com,"(918) 372-1815","6670 River Rd",McKinney,TX,75152,1,2022-03-19
466,SANDRA,SMITH,sandra.smith@protonmail.com,"(429) 930-4328","3221 Sunset Blvd",Arlington,TX,75764,0,2023-03-14
467,SHIRLEY,NELSON,shirley.nelson@yahoo.com,"(618) 349-1471","4854 Pine Rd",Irving,TX,75929,1,2022-10-22
468,ERIC,KING,eric2@outlook.com,"(909) 607-4476","6383 Valley Way",McKinney,TX,75074,1,2024-01-02
469,CHRISTINE,MARTIN,cmartin@protonmail.com,"(966) 246-1087","4255 Lake Dr",Richardson,TX,75309,0,2022-03-18
470,JENNIFER,GONZALEZ,jennifer34@yahoo.com,"(547) 679-3161","1568 Elm St",Carrollton,TX,75145,1,2020-06-02
471,DONNA,LOPEZ,donna96@hotmail.com,"(469) 827-5321","8570 Elm St",McKinney,TX,75323,0,2021-09-28
472,ANDREW,MITCHELL,andrew.mitchell@outlook.com,"(435) 387-1587","7804 Pine Rd",Plano,TX,75446,1,2023-01-15
473,CATHERINE,CAMPBELL,catherine.campbell@protonmail.com,"(937) 351-3025","5827 Oak Ave",Irving,TX,75184,1,2024-05-19
474,ANDREW,GONZALEZ,agonzalez@protonmail.com,"(384) 626-2258","4133 Forest Ln",Mesquite,TX,75908,1,2020-05-22
475,JOSHUA,WILSON,joshua48@protonmail.com,"(357) 229-2328","7640 Sunset Blvd",Mesquite,TX,75643,1,2024-11-01
476,CHRISTINE,WILLIAMS,christine.williams@protonmail.com,"(416) 249-5635","5394 Forest Ln",Dallas,TX,75560,0,2020-07-09
477,SARAH,MARTIN,sarah.martin@outlook.com,"(597) 998-7592","4768 Hill St",Plano,TX,75305,0,2023-12-26
478,AMANDA,TURNER,amanda17@hotmail.com,"(724) 404-9021","7398 Highland Ave",McKinney,TX,ABCDE,0,2020-07-26
479,ANN,CARTER,ann.carter@yahoo.com,"(725) 549-8594","3773 Hill St",Plano,TX,75539,1,2022-08-14
480,LISA,WRIGHT,lisa.wright@hotmail.com,"(735) 637-5841","9414 Main St",Carrollton,TX,75939,1,2024-02-17
481,WILLIAM,ALLEN,notanemail,"(460) 799-2339","8348 Main St",Garland,TX,75183,1,2023-01-03
482,MICHAEL,CAMPBELL,mcampbell@outlook.com,"(660) 838-5342","5692 Highland Ave",Plano,TX,75189,1,2024-05-28
483,GREGORY,MILLER,gregory69@gmail.com,"(319) 213-3813","7917 Park Ave",McKinney,TX,75310,1,2023-05-03
484,DONNA,MOORE,dmoore@gmail.com,"(392) 227-4428","7982 Hill St",Plano,TX,75446,1,2020-05-25
485,THOMAS,TAYLOR,thomas.taylor@outlook.com,"(356) 956-8295","8047 Park Ave",Dallas,TX,75599,1,2021-05-19
486,JAMES,JONES,james2@gmail.com,"(707) 954-5764","706 Park Ave",McKinney,TX,75525,0,2021-12-02
487,STEVEN,JOHNSON,steven.johnson@outlook.com,"(474) 863-7834","7855 Oak Ave",Mesquite,TX,75459,0,2020-03-10
488,DEBORAH,WRIGHT,deborah.wright@hotmail.com,"(801) 901-6556","9964 Sunset Blvd",Mesquite,TX,75904,1,2023-07-27
489,Gregory,PEREZ,gregory.perez@hotmail.com,"(489) 907-2412","8011 Maple Dr",Plano,TX,75160,0,2020-07-16
490,DEBRA,MARTIN,debra72@gmail.com,"(467) 565-3598","2962 Sunset Blvd",Carrollton,TX,75826,1,2022-07-04
491,JEFFREY,HARRIS,jeffrey72@yahoo.com,"(548) 563-1764","9226 Pine Rd",Plano,TX,75723,1,2023-08-27
492,HELEN,MILLER,shared.account@gmail.com,"(719) 307-3736","2034 Sunset Blvd",Irving,TX,75160,1,2023-09-16
493,KAREN,TAYLOR,karen.taylor@hotmail.com,"(649) 625-1107","4119 Sunset Blvd",Mesquite,TX,75293,1,2020-05-12
494,MICHAEL,LEE,michael.lee@yahoo.com,"(341) 639-7773","6806 Highland Ave",Mesquite,TX,75966,1,2023-03-25
495,PATRICIA,CAMPBELL,patricia9@gmail.com,"(611) 990-3692","7211 Main St",McKinney,TX,75676,1,2024-01-21
496,ANDREW,SCOTT,shared.account@gmail.com,"(938) 960-6139","5738 Main St",Arlington,TX,75717,0,2023-11-07
497,BRIAN,CARTER,bcarter@hotmail.com,"(614) 994-4232","5040 Oak Ave",Dallas,TX,75399,1,2024-09-10
498,CYNTHIA,DAVIS,cynthia71@hotmail.com,"(975) 850-3621","483 Main St",Carrollton,TX,75247,1,2023-09-04
499,SUSAN,LEE,susan.lee@hotmail.com,"(248) 974-3043","7452 Pine Rd",Richardson,TX,75464,1,2021-12-19
500,KEVIN,CAMPBELL,kevin77@yahoo.com,"(491) 882-3293","6287 Lake Dr",Irving,TX,75335,1,2022-08-04
501,RUTH,CAMPBELL,shared.account@gmail.com,"(635) 333-8802","3619 Park Ave",Garland,TX,75693,0,2024-09-17
502,JAMES,THOMPSON,jthompson@outlook.com,"(701) 949-7830","2768 Maple Dr",Carrollton,TX,75496,0,2021-12-17
503,STEVEN,WILSON,swilson@gmail.com,"(360) 772-7051","2045 River Rd",McKinney,TX,75123,1,2024-05-02
504,KENNETH,TAYLOR,kenneth48@hotmail.com,"(501) 697-1458","2440 Maple Dr",Richardson,TX,75049,1,2022-04-06
505,PAUL,SMITH,paul.smith@gmail.com,"(627) 692-6074","9369 Park Ave",Frisco,TX,75486,1,2021-09-21
506,JOSEPH,EDWARDS,jedwards@yahoo.com,"(533) 291-7711","6444 Cedar Ln",McKinney,TX,75553,1,2023-12-09
507,ERIC,DAVIS,edavis@protonmail.com,"(990) 924-6060","9292 Hill St",Garland,TX,75197,1,2024-09-07
508,CHRISTOPHER,HILL,christopher.hill@gmail.com,"(481) 410-5018","9595 Park Ave",Garland,TX,75411,1,2023-01-11
509,DAVID,THOMAS,david4@protonmail.com,"(463) 293-2878","1727 Lake Dr",Plano,TX,75147,1,2022-02-05
510,AMANDA,ALLEN,amanda.allen@yahoo.com,"(227) 930-1958","4982 Washington Blvd",Garland,TX,75145,0,2022-05-13
511,SANDRA,JONES,sandra.jones@yahoo.com,"(704) 720-9264","6408 Oak Ave",Arlington,TX,75325,0,2024-07-03
512,DANIEL,JOHNSON,shared.account@gmail.com,"(767) 800-2663","4135 Forest Ln",Carrollton,TX,75311,0,2023-02-28
513,SCOTT,HILL,scott.hill@yahoo.com,"(451) 750-7942","9195 Park Ave",Dallas,TX,75832,0,2024-05-21
514,LAURA,SMITH,laura62@hotmail.com,"(896) 589-6757","3585 River Rd",Carrollton,TX,75046,1,2024-10-03
515,DEBRA,DAVIS,ddavis@yahoo.com,"(769) 486-8077","3554 River Rd",Carrollton,TX,75905,1,2022-12-15
516,VIRGINIA,MARTIN,vmartin@outlook.com,"(536) 216-3190","133 River Rd",Mesquite,TX,75923,1,2021-07-18
517,DENNIS,CAMPBELL,dennis.campbell@outlook.com,"(864) 866-2270","8925 Main St",Mesquite,TX,75361,0,2024-06-13
518,SARAH,COLLINS,sarah.collins@gmail.com,"(655) 209-4629","424 Forest Ln",Arlington,TX,75196,1,2024-11-10
519,ANGELA,HARRIS,angela47@gmail.com,"(920) 923-4425","216 Cedar Ln",McKinney,TX,75890,1,2024-09-16
520,LAURA,ADAMS,shared.account@gmail.com,"(379) 266-3101","1165 Maple Dr",Arlington,TX,75902,1,2021-11-01
521,JERRY,TURNER,jerry79@hotmail.com,"(202) 637-1849","5392 Washington Blvd",McKinney,TX,75124,0,2023-06-17
522,JENNIFER,PARKER,jparker@outlook.com,"(659) 523-1084","6520 Cedar Ln",Frisco,TX,75901,1,2021-12-14
523,DOROTHY,MARTIN,dorothy.martin@yahoo.com,"(841) 840-2584","556 Park Ave",McKinney,TX,75606,1,2022-04-04
524,CHRISTOPHER,MARTIN,christopher.martin@hotmail.com,"(274) 994-8184","1667 Hill St",Mesquite,TX,75087,1,2020-07-11
525,JERRY,BROWN,jerry8@outlook.com,"(825) 841-8075","1177 Oak Ave",Dallas,TX,75301,0,2023-02-20
526,ROBERT,HARRIS,robert85@protonmail.com,"(593) 675-8014","1759 Elm St",Dallas,TX,75529,1,2024-04-04
527,BETTY,SMITH,betty.smith@protonmail.com,"(786) 329-9337","4298 Elm St",McKinney,TX,75742,0,2021-04-05
528,JENNIFER,JONES,jjones@outlook.com,"(867) 972-6861","5198 River Rd",Carrollton,TX,75150,0,2022-10-11
529,MARTHA,LEE,martha.lee@gmail.com,"(443) 719-1894","7015 Elm St",Irving,TX,75655,1,2020-06-07
530,RAYMOND,WRIGHT,rwright@protonmail.com,"(543) 830-5909","6959 Elm St",Plano,TX,75465,1,2023-04-01
531,SCOTT,HARRIS,scott.harris@yahoo.com,"(692) 952-6431","6258 Cedar Ln",McKinney,TX,75845,1,2022-01-03
532,CATHERINE,JOHNSON,catherine15@yahoo.com,"(399) 846-6896","819 Main St",Irving,TX,75290,1,2021-05-24
533,SARAH,RODRIGUEZ,sarah.rodriguez@protonmail.com,"(380) 468-2657","443 Sunset Blvd",Plano,TX,75670,1,2022-04-10
534,JOSEPH,MARTIN,jmartin@protonmail.com,"(644) 928-2071","2041 Maple Dr",Plano,TX,75196,0,2022-06-20
535,WILLIAM,MITCHELL,william.mitchell@yahoo.com,"(748) 501-3434","5468 Cedar Ln",Dallas,TX,75893,1,2024-10-16
536,SHIRLEY,PARKER,shirley.parker@gmail.com,"(720) 597-9342","6231 Park Ave",Carrollton,TX,75183,1,2022-09-23
537,DANIEL,CAMPBELL,daniel61@hotmail.com,"(853) 797-1599","3494 Cedar Ln",Irving,TX,75883,1,2023-04-10
538,WILLIAM,WALKER,wwalker@hotmail.com,"(286) 337-2376","4934 Park Ave",Carrollton,TX,75235,1,2023-09-20
539,MARIE,YOUNG,marie60@outlook.com,"(709) 524-5473","6364 Main St",Plano,TX,75239,1,2020-06-03
540,MARTHA,HILL,martha.hill@protonmail.com,"(300) 321-2168","6002 Main St",Carrollton,TX,75341,1,2022-05-10
541,JOSHUA,GARCIA,jgarcia@yahoo.com,"(957) 756-5278","239 Forest Ln",Arlington,TX,75842,1,2023-07-27
542,MATTHEW,EDWARDS,matthew61@protonmail.com,"(433) 432-4438","7873 Cedar Ln",Carrollton,TX,75739,0,2022-02-11
543,DEBORAH,YOUNG,dyoung@outlook.com,"(230) 583-3276","9561 Sunset Blvd",Plano,TX,75965,1,2023-11-27
544,CATHERINE,RODRIGUEZ,crodriguez@outlook.com,"(750) 506-6342","9716 Main St",Richardson,TX,75944,1,2021-06-19
545,FRANK,NELSON,frank.nelson@protonmail.com,"(600) 265-9757","6431 Cedar Ln",Mesquite,TX,75336,0,2022-02-06
546,BETTY,TURNER,betty23@gmail.com,"(227) 391-4260","1238 Highland Ave",McKinney,TX,75210,1,2022-11-17
547,MARGARET,KING,margaret.king@gmail.com,"(534) 620-7407","2672 Oak Ave",Plano,TX,75489,1,2023-04-05
548,SHIRLEY,ROBINSON,srobinson@yahoo.com,"(788) 517-4325","8332 Valley Way",Mesquite,TX,75206,1,2021-08-03
549,JOHN,NELSON,john68@hotmail.com,"(671) 673-1640","1592 Pine Rd",Mesquite,TX,75717,1,2023-10-27
550,SARAH,ALLEN,sarah23@protonmail.com,"(593) 874-4005","9416 Oak Ave",McKinney,TX,75245,1,2022-11-18
551,MARTHA,ROBERTS,martha90@yahoo.com,"(980) 766-2986","6141 Oak Ave",Garland,TX,75419,0,2021-05-07
552,DONALD,WILLIAMS,donald4@gmail.com,"(551) 963-7542","3285 Washington Blvd",Dallas,TX,75256,1,2021-06-22
553,THOMAS,LOPEZ,tlopez@protonmail.com,"(448) 930-8171","2397 Park Ave",Arlington,TX,75174,1,2024-02-06
554,MARTHA,WILSON,martha.wilson@protonmail.com,"(887) 981-1183","4576 Maple Dr",Mesquite,TX,75182,1,2020-11-18
555,CYNTHIA,HERNANDEZ,cynthia82@protonmail.com,"(906) 515-8274","958 River Rd",Dallas,TX,75790,0,2021-04-12
556,BRENDA,JACKSON,brenda.jackson@gmail.com,"(545) 396-2035","3713 Highland Ave",Garland,TX,75741,1,2020-07-17
557,BETTY,CLARK,betty.clark@hotmail.com,"(754) 604-8010","2079 Cedar Ln",Irving,TX,75365,1,2021-01-13
558,STEPHEN,CLARK,stephen.clark@gmail.com,"(267) 873-5562","6145 Main St",Garland,TX,75420,1,2024-08-04
559,EDWARD,BAKER,edward33@gmail.com,"(846) 913-7366","2277 Elm St",Plano,TX,75871,0,2020-06-01
560,JOSE,GONZALEZ,jgonzalez@yahoo.com,"(801) 921-1217","3911 Main St",Richardson,TX,75316,1,2023-04-20
561,PAMELA,NELSON,pnelson@yahoo.com,"(849) 470-9280","8104 Pine Rd",Dallas,TX,75649,0,2022-01-01
562,MARY,WALKER,mwalker@outlook.com,"(948) 769-8973","2636 Cedar Ln",Arlington,TX,75991,1,2024-12-18
563,BARBARA,WALKER,barbara86@outlook.com,"(330) 837-9751","541 Highland Ave",McKinney,TX,75085,0,2021-08-06
564,BRENDA,ROBINSON,brenda25@hotmail.com,"(672) 987-5616","6356 Lake Dr",Carrollton,TX,75989,1,2021-10-05
565,JENNIFER,MARTINEZ,jmartinez@hotmail.com,"(690) 419-4310","8924 Pine Rd",Carrollton,TX,75140,1,2024-12-19
566,JOHN,YOUNG,john.young@gmail.com,"(529) 822-3430","1176 Maple Dr",Arlington,TX,75390,1,2023-09-20
567,KEVIN,MARTINEZ,kmartinez@hotmail.com,"(612) 478-9199","8947 Park Ave",Mesquite,TX,75612,1,2023-12-11
568,DENNIS,THOMPSON,dthompson@protonmail.com,"(935) 317-3683","5196 Oak Ave",Richardson,TX,75951,1,2024-11-13
569,ANNA,JONES,ajones@gmail.com,"(728) 327-5670","1474 Forest Ln",Plano,TX,75460,1,2023-02-08
570,JOSE,THOMPSON,jthompson@protonmail.com,"(221) 983-5415","9541 Main St",Plano,TX,75531,0,2022-03-19
571,WILLIAM,HILL,william95@outlook.com,"(220) 980-7249","7102 Sunset Blvd",Garland,TX,75609,1,2024-12-06
572,ANNA,WALKER,anna40@outlook.com,"(775) 820-8878","1278 Elm St",Plano,TX,75200,1,2021-01-01
573,DONALD,PARKER,donald63@outlook.com,"(960) 582-7292","8120 Pine Rd",Richardson,TX,75418,1,2020-07-19
574,MICHELLE,JACKSON,mjackson@protonmail.com,"(700) 850-7032","1045 Hill St",McKinney,TX,75753,1,2021-08-02
575,FRANCES,MITCHELL,fmitchell@hotmail.com,"(666) 897-3414","4266 Cedar Ln",Richardson,TX,75012,1,2020-11-23
576,DIANE,HALL,diane11@protonmail.com,"(369) 637-5143","5051 Lake Dr",Carrollton,TX,75600,1,2023-12-28
577,NANCY,MILLER,nmiller@hotmail.com,"(414) 966-7520","5147 Main St",Plano,TX,75001,1,2020-12-14
578,STEVEN,ALLEN,steven.allen@hotmail.com,"(583) 390-3200","3344 Park Ave",Plano,TX,75461,1,2021-04-02
579,KIMBERLY,EDWARDS,kedwards@outlook.com,"(839) 311-3721","1407 Pine Rd",Garland,TX,75127,1,2020-06-01
580,MATTHEW,MARTIN,matthew.martin@outlook.com,"(472) 969-1118","9642 Forest Ln",Dallas,TX,75216,1,2023-10-17
581,VIRGINIA,LOPEZ,virginia97@hotmail.com,"(544) 579-6620","5264 Sunset Blvd",Irving,TX,75681,0,2023-10-02
582,CATHERINE,RODRIGUEZ,crodriguez@outlook.com,"(342) 226-3013","8793 Pine Rd",Irving,TX,75462,0,2024-07-22
583,DEBORAH,SMITH,dsmith@gmail.com,"(533) 894-8279","3926 River Rd",Mesquite,TX,75756,1,2022-07-16
584,ANDREW,PHILLIPS,aphillips@hotmail.com,"(399) 929-3345","8620 Highland Ave",Richardson,TX,75130,0,2020-05-27
585,GREGORY,ADAMS,gregory22@outlook.com,"(878) 753-4946","4087 Cedar Ln",Plano,TX,75108,0,2020-03-11
586,DIANE,COLLINS,dcollins@outlook.com,"(326) 881-3224","8857 Hill St",Mesquite,TX,75814,1,2021-10-25
587,TIMOTHY,BROWN,timothy49@outlook.com,"(438) 428-5244","1995 Pine Rd",Garland,TX,75091,1,2024-04-24
588,HELEN,BAKER,hbaker@outlook.com,"(954) 201-6092","1113 River Rd",Carrollton,TX,75867,0,2023-06-25
589,FRANCES,TURNER,frances.turner@yahoo.com,"(309) 604-1150","8919 Sunset Blvd",Mesquite,TX,75148,1,2021-08-22
590,JOSEPH,TAYLOR,jtaylor@gmail.com,"(527) 516-9230","2122 Pine Rd",Richardson,TX,75646,1,2023-05-23
591,JOYCE,JONES,jjones@yahoo.com,"(953) 253-3933","8087 Valley Way",McKinney,TX,75834,1,2020-09-13
592,MARIE,YOUNG,marie.young@outlook.com,"(740) 944-5637","4726 Valley Way",Irving,TX,75099,1,2022-10-28
593,MARIA,CAMPBELL,maria.campbell@hotmail.com,"(652) 912-8904","4869 Highland Ave",Plano,TX,75223,1,2020-06-24
594,JASON,MILLER,jason.miller@yahoo.com,"(298) 564-8763","3043 Main St",Garland,TX,75607,0,2021-11-24
595,JOHN,MARTIN,john16@yahoo.com,"(509) 904-3826","6250 Forest Ln",Garland,TX,75885,0,2022-11-21
596,RICHARD,LEE,richard.lee@gmail.com,"(700) 856-9351","3785 Main St",Richardson,TX,75280,1,2024-03-13
597,DANIEL,PEREZ,daniel.perez@outlook.com,"(533) 265-9806","3129 Washington Blvd",Dallas,TX,75569,0,2020-09-27
598,MATTHEW,GREEN,matthew.green@gmail.com,"(813) 911-3948","187 Lake Dr",Mesquite,TX,75125,1,2021-10-07
599,STEPHEN,ANDERSON,stephen.anderson@gmail.com,"(327) 718-5891","6056 Lake Dr",Plano,TX,75967,1,2021-05-02
